Workbook

Sheet Hourly data Valid 1
A1: Date | B1: unique_idfas | C1: unique_ips | D1: unique_uas | E1: total_requests | F1: requests_per_idfa | G1: impressions | H1: impressions_per_idfa | I1: idfa_ip_ratio | J1: idfa_ua_ratio | K1: IVT
A2: 45911.583 | B2: 3535 | C2: 3535 | D2: 17 | E2: 3577 | F2: 1.0118812 | G2: 0 | H2: 0 | I2: 1 | J2: 207.94118 | K2: 0.010695
A3: 45911.625 | B3: 7254 | C3: 7254 | D3: 17 | E3: 7361 | F3: 1.0147505 | G3: 0 | H3: 0 | I3: 1 | J3: 426.70588 | K3: 0
A4: 45911.667 | B4: 13737 | C4: 13737 | D4: 17 | E4: 14073 | F4: 1.0244595 | G4: 0 | H4: 0 | I4: 1 | J4: 808.05882 | K4: 0
A5: 45911.708 | B5: 13800 | C5: 13800 | D5: 18 | E5: 14074 | F5: 1.0198551 | G5: 0 | H5: 0 | I5: 1 | J5: 766.66667 | K5: 0.00625
A6: 45911.75 | B6: 8696 | C6: 8696 | D6: 19 | E6: 8796 | F6: 1.0114995 | G6: 0 | H6: 0 | I6: 1 | J6: 457.68421 | K6: 0
A7: 45911.792 | B7: 8182 | C7: 8182 | D7: 20 | E7: 8273 | F7: 1.011122 | G7: 0 | H7: 0 | I7: 1 | J7: 409.1 | K7: 0.00578
A8: 45911.833 | B8: 10707 | C8: 10707 | D8: 17 | E8: 10860 | F8: 1.0142897 | G8: 0 | H8: 0 | I8: 1 | J8: 629.82353 | K8: 0
A9: 45911.875 | B9: 9634 | C9: 9634 | D9: 17 | E9: 9752 | F9: 1.0122483 | G9: 0 | H9: 0 | I9: 1 | J9: 566.70588 | K9: 0.004695
A10: 45911.917 | B10: 12420 | C10: 12420 | D10: 19 | E10: 12576 | F10: 1.0125604 | G10: 0 | H10: 0 | I10: 1 | J10: 653.68421 | K10: 0
A11: 45911.958 | B11: 9843 | C11: 9843 | D11: 20 | E11: 9938 | F11: 1.0096515 | G11: 0 | H11: 0 | I11: 1 | J11: 492.15 | K11: 0.007143
A12: 45912 | B12: 11655 | C12: 11655 | D12: 21 | E12: 11806 | F12: 1.0129558 | G12: 0 | H12: 0 | I12: 1 | J12: 555 | K12: 0.006897
A13: 45912.042 | B13: 9083 | C13: 9083 | D13: 20 | E13: 9124 | F13: 1.0045139 | G13: 0 | H13: 0 | I13: 1 | J13: 454.15 | K13: 0.001664
... A85: 45915.042 | B85: 37731 | C85: 37728 | D85: 19 | E85: 39050 | F85: 1.034958 | G85: 0 | H85: 0 | I85: 1.0000795 | J85: 1985.8421 | K85: 0

Sheet Hourly data Valid 2
A1: Date | B1: unique_idfas | C1: unique_ips | D1: unique_uas | E1: total_requests | F1: requests_per_idfa | G1: impressions | H1: impressions_per_idfa | I1: idfa_ip_ratio | J1: idfa_ua_ratio | K1: IVT
A2: 45911.583 | B2: 2992 | C2: 2992 | D2: 105 | E2: 3109 | F2: 1.0391043 | G2: 0 | H2: 0 | I2: 1 | J2: 28.495238 | K2: 0.051282
A3: 45911.625 | B3: 5608 | C3: 5606 | D3: 113 | E3: 5798 | F3: 1.0338802 | G3: 0 | H3: 0 | I3: 1.0003568 | J3: 49.628319 | K3: 0.013889
A4: 45911.667 | B4: 7179 | C4: 7176 | D4: 124 | E4: 7438 | F4: 1.0360774 | G4: 0 | H4: 0 | I4: 1.0004181 | J4: 57.895161 | K4: 0.02439
A5: 45911.708 | B5: 6426 | C5: 6424 | D5: 109 | E5: 6653 | F5: 1.0353252 | G5: 0 | H5: 0 | I5: 1.0003113 | J5: 58.954128 | K5: 0.1
A6: 45911.75 | B6: 5047 | C6: 5046 | D6: 107 | E6: 5219 | F6: 1.0340797 | G6: 0 | H6: 0 | I6: 1.0001982 | J6: 47.168224 | K6: 0.056338
A7: 45911.792 | B7: 5234 | C7: 5233 | D7: 103 | E7: 5439 | F7: 1.039167 | G7: 0 | H7: 0 | I7: 1.0001911 | J7: 50.815534 | K7: 0.043956
A8: 45911.833 | B8: 5493 | C8: 5493 | D8: 112 | E8: 5702 | F8: 1.0380484 | G8: 0 | H8: 0 | I8: 1 | J8: 49.044643 | K8: 0.041667
A9: 45911.875 | B9: 5088 | C9: 5087 | D9: 106 | E9: 5271 | F9: 1.035967 | G9: 0 | H9: 0 | I9: 1.0001966 | J9: 48 | K9: 0.047619
A10: 45911.917 | B10: 6085 | C10: 6085 | D10: 110 | E10: 6307 | F10: 1.0364832 | G10: 0 | H10: 0 | I10: 1 | J10: 55.318182 | K10: 0.054795
A11: 45911.958 | B11: 5183 | C11: 5182 | D11: 109 | E11: 5365 | F11: 1.0351148 | G11: 0 | H11: 0 | I11: 1.000193 | J11: 47.550459 | K11: 0.04
A12: 45912 | B12: 5712 | C12: 5711 | D12: 115 | E12: 5911 | F12: 1.0348389 | G12: 0 | H12: 0 | I12: 1.0001751 | J12: 49.669565 | K12: 0.034884
A13: 45912.042 | B13: 5230 | C13: 5229 | D13: 108 | E13: 5410 | F13: 1.0344168 | G13: 0 | H13: 0 | I13: 1.0001912 | J13: 48.425926 | K13: 0.060201
... A85: 45915.042 | B85: 24185 | C85: 24174 | D85: 163 | E85: 25306 | F85: 1.046351 | G85: 0 | H85: 0 | I85: 1.000455 | J85: 148.37423 | K85: 0.057971

Sheet Hourly data Valid 3
A1: Date | B1: unique_idfas | C1: unique_ips | D1: unique_uas | E1: total_requests | F1: requests_per_idfa | G1: impressions | H1: impressions_per_idfa | I1: idfa_ip_ratio | J1: idfa_ua_ratio | K1: IVT
A2: 45911.583 | B2: 30836 | C2: 30741 | D2: 22 | E2: 46383 | F2: 1.5041834 | G2: 0 | H2: 0 | I2: 1.0030903 | J2: 1401.6364 | K2: 0
A3: 45911.625 | B3: 19164 | C3: 19139 | D3: 22 | E3: 20418 | F3: 1.0654352 | G3: 0 | H3: 0 | I3: 1.0013062 | J3: 871.09091 | K3: 0
A4: 45911.667 | B4: 21396 | C4: 21365 | D4: 22 | E4: 22793 | F4: 1.0652926 | G4: 0 | H4: 0 | I4: 1.001451 | J4: 972.54545 | K4: 0
A5: 45911.708 | B5: 19608 | C5: 19579 | D5: 22 | E5: 20881 | F5: 1.0649225 | G5: 0 | H5: 0 | I5: 1.0014812 | J5: 891.27273 | K5: 0
A6: 45911.75 | B6: 20300 | C6: 20262 | D6: 22 | E6: 21624 | F6: 1.0652217 | G6: 0 | H6: 0 | I6: 1.0018754 | J6: 922.72727 | K6: 0
A7: 45911.792 | B7: 21581 | C7: 21550 | D7: 22 | E7: 23063 | F7: 1.0686715 | G7: 0 | H7: 0 | I7: 1.0014385 | J7: 980.95455 | K7: 0
A8: 45911.833 | B8: 20273 | C8: 20251 | D8: 22 | E8: 21681 | F8: 1.069452 | G8: 0 | H8: 0 | I8: 1.0010864 | J8: 921.5 | K8: 0.009434
A9: 45911.875 | B9: 19991 | C9: 19960 | D9: 22 | E9: 21297 | F9: 1.0653294 | G9: 0 | H9: 0 | I9: 1.0015531 | J9: 908.68182 | K9: 0.004902
A10: 45911.917 | B10: 22032 | C10: 21998 | D10: 22 | E10: 23513 | F10: 1.0672204 | G10: 0 | H10: 0 | I10: 1.0015456 | J10: 1001.4545 | K10: 0
A11: 45911.958 | B11: 21945 | C11: 21910 | D11: 22 | E11: 23463 | F11: 1.0691729 | G11: 0 | H11: 0 | I11: 1.0015974 | J11: 997.5 | K11: 0.004405
A12: 45912 | B12: 21374 | C12: 21339 | D12: 22 | E12: 22908 | F12: 1.0717694 | G12: 0 | H12: 0 | I12: 1.0016402 | J12: 971.54545 | K12: 0.005076
A13: 45912.042 | B13: 23117 | C13: 23074 | D13: 22 | E13: 24598 | F13: 1.0640654 | G13: 0 | H13: 0 | I13: 1.0018636 | J13: 1050.7727 | K13: 0
... A85: 45915.042 | B85: 12269 | C85: 12257 | D85: 22 | E85: 12724 | F85: 1.0370853 | G85: 0 | H85: 0 | I85: 1.000979 | J85: 557.68182 | K85: 0.012195

Sheet Hourly data Invalid 1
A1: Date | B1: unique_idfas | C1: unique_ips | D1: unique_uas | E1: total_requests | F1: requests_per_idfa | G1: impressions | H1: impressions_per_idfa | I1: idfa_ip_ratio | J1: idfa_ua_ratio | K1: IVT
A2: 45911.583 | B2: 4163 | C2: 4163 | D2: 137 | E2: 4219 | F2: 1.0134518 | G2: 0 | H2: 0 | I2: 1 | J2: 30.386861 | K2: 0
A3: 45911.625 | B3: 8317 | C3: 8317 | D3: 152 | E3: 8433 | F3: 1.0139473 | G3: 0 | H3: 0 | I3: 1 | J3: 54.717105 | K3: 0
A4: 45911.667 | B4: 13774 | C4: 13774 | D4: 166 | E4: 14118 | F4: 1.0249746 | G4: 0 | H4: 0 | I4: 1 | J4: 82.975904 | K4: 0
A5: 45911.708 | B5: 11966 | C5: 11966 | D5: 164 | E5: 12215 | F5: 1.020809 | G5: 0 | H5: 0 | I5: 1 | J5: 72.963415 | K5: 0
A6: 45911.75 | B6: 7389 | C6: 7389 | D6: 132 | E6: 7484 | F6: 1.0128569 | G6: 0 | H6: 0 | I6: 1 | J6: 55.977273 | K6: 0.025316
A7: 45911.792 | B7: 8808 | C7: 8808 | D7: 140 | E7: 8901 | F7: 1.0105586 | G7: 0 | H7: 0 | I7: 1 | J7: 62.914286 | K7: 0
A8: 45911.833 | B8: 11032 | C8: 11032 | D8: 148 | E8: 11204 | F8: 1.015591 | G8: 0 | H8: 0 | I8: 1 | J8: 74.540541 | K8: 0
A9: 45911.875 | B9: 9762 | C9: 9762 | D9: 151 | E9: 9891 | F9: 1.0132145 | G9: 0 | H9: 0 | I9: 1 | J9: 64.649007 | K9: 0
A10: 45911.917 | B10: 11759 | C10: 11758 | D10: 151 | E10: 11929 | F10: 1.014457 | G10: 0 | H10: 0 | I10: 1.000085 | J10: 77.874172 | K10: 0.01
A11: 45911.958 | B11: 9330 | C11: 9330 | D11: 150 | E11: 9423 | F11: 1.0099678 | G11: 0 | H11: 0 | I11: 1 | J11: 62.2 | K11: 0
A12: 45912 | B12: 9735 | C12: 9735 | D12: 146 | E12: 9846 | F12: 1.0114022 | G12: 0 | H12: 0 | I12: 1 | J12: 66.678082 | K12: 0
A13: 45912.042 | B13: 5448 | C13: 5448 | D13: 141 | E13: 5488 | F13: 1.0073421 | G13: 0 | H13: 0 | I13: 1 | J13: 38.638298 | K13: 0
... A85: 45915.042 | B85: 25285 | C85: 25280 | D85: 205 | E85: 26633 | F85: 1.0533122 | G85: 0 | H85: 0 | I85: 1.0001978 | J85: 123.34146 | K85: 1

Sheet Hourly data Invalid 2
A1: Date | B1: unique_idfas | C1: unique_ips | D1: unique_uas | E1: total_requests | F1: requests_per_idfa | G1: impressions | H1: impressions_per_idfa | I1: idfa_ip_ratio | J1: idfa_ua_ratio | K1: IVT
A2: 45911.583 | B2: 1665 | C2: 1665 | D2: 336 | E2: 1679 | F2: 1.0084084 | G2: 0 | H2: 0 | I2: 1 | J2: 4.9553571 | K2: 0
A3: 45911.625 | B3: 3123 | C3: 3123 | D3: 433 | E3: 3154 | F3: 1.0099264 | G3: 0 | H3: 0 | I3: 1 | J3: 7.2124711 | K3: 0
A4: 45911.667 | B4: 4143 | C4: 4143 | D4: 466 | E4: 4203 | F4: 1.0144823 | G4: 0 | H4: 0 | I4: 1 | J4: 8.8905579 | K4: 0.026316
A5: 45911.708 | B5: 3332 | C5: 3332 | D5: 432 | E5: 3374 | F5: 1.012605 | G5: 0 | H5: 0 | I5: 1 | J5: 7.712963 | K5: 0
A6: 45911.75 | B6: 2361 | C6: 2361 | D6: 386 | E6: 2381 | F6: 1.008471 | G6: 0 | H6: 0 | I6: 1 | J6: 6.1165803 | K6: 0
A7: 45911.792 | B7: 2367 | C7: 2367 | D7: 386 | E7: 2376 | F7: 1.0038023 | G7: 0 | H7: 0 | I7: 1 | J7: 6.1321244 | K7: 0
A8: 45911.833 | B8: 2682 | C8: 2682 | D8: 415 | E8: 2708 | F8: 1.0096943 | G8: 0 | H8: 0 | I8: 1 | J8: 6.4626506 | K8: 0
A9: 45911.875 | B9: 2374 | C9: 2374 | D9: 405 | E9: 2386 | F9: 1.0050548 | G9: 0 | H9: 0 | I9: 1 | J9: 5.8617284 | K9: 0.714286
A10: 45911.917 | B10: 2648 | C10: 2648 | D10: 421 | E10: 2674 | F10: 1.0098187 | G10: 0 | H10: 0 | I10: 1 | J10: 6.2897862 | K10: 1
A11: 45911.958 | B11: 2081 | C11: 2081 | D11: 361 | E11: 2088 | F11: 1.0033638 | G11: 0 | H11: 0 | I11: 1 | J11: 5.7645429 | K11: 1
A12: 45912 | B12: 2516 | C12: 2516 | D12: 406 | E12: 2532 | F12: 1.0063593 | G12: 0 | H12: 0 | I12: 1 | J12: 6.1970443 | K12: 1
A13: 45912.042 | B13: 2027 | C13: 2026 | D13: 383 | E13: 2038 | F13: 1.0054267 | G13: 0 | H13: 0 | I13: 1.0004936 | J13: 5.2924282 | K13: 1
... A85: 45915.042 | B85: 14185 | C85: 14185 | D85: 722 | E85: 14640 | F85: 1.0320761 | G85: 0 | H85: 0 | I85: 1 | J85: 19.646814 | K85: 1

Sheet Hourly data Invalid 3
A1: Date | B1: unique_idfas | C1: unique_ips | D1: unique_uas | E1: total_requests | F1: requests_per_idfa | G1: impressions | H1: impressions_per_idfa | I1: idfa_ip_ratio | J1: idfa_ua_ratio | K1: IVT
A2: 45911.583 | B2: 14361 | C2: 14354 | D2: 158 | E2: 21888 | F2: 1.5241278 | G2: 0 | H2: 0 | I2: 1.0004877 | J2: 90.892405 | K2: 0
A3: 45911.625 | B3: 9305 | C3: 9303 | D3: 115 | E3: 10019 | F3: 1.0767329 | G3: 0 | H3: 0 | I3: 1.000215 | J3: 80.913043 | K3: 0
A4: 45911.667 | B4: 11985 | C4: 11981 | D4: 144 | E4: 12869 | F4: 1.0737589 | G4: 0 | H4: 0 | I4: 1.0003339 | J4: 83.229167 | K4: 0
A5: 45911.708 | B5: 11252 | C5: 11250 | D5: 127 | E5: 12057 | F5: 1.0715428 | G5: 0 | H5: 0 | I5: 1.0001778 | J5: 88.598425 | K5: 0.008621
A6: 45911.75 | B6: 10502 | C6: 10498 | D6: 103 | E6: 11363 | F6: 1.0819844 | G6: 0 | H6: 0 | I6: 1.000381 | J6: 101.96116 | K6: 0
A7: 45911.792 | B7: 11010 | C7: 11002 | D7: 106 | E7: 11946 | F7: 1.0850136 | G7: 0 | H7: 0 | I7: 1.0007271 | J7: 103.86792 | K7: 0.008547
A8: 45911.833 | B8: 10935 | C8: 10927 | D8: 117 | E8: 11849 | F8: 1.0835848 | G8: 0 | H8: 0 | I8: 1.0007321 | J8: 93.461538 | K8: 0.014184
A9: 45911.875 | B9: 10205 | C9: 10200 | D9: 102 | E9: 11112 | F9: 1.088878 | G9: 0 | H9: 0 | I9: 1.0004902 | J9: 100.04902 | K9: 0
A10: 45911.917 | B10: 11138 | C10: 11137 | D10: 109 | E10: 12085 | F10: 1.0850242 | G10: 0 | H10: 0 | I10: 1.0000898 | J10: 102.18349 | K10: 0.010204
A11: 45911.958 | B11: 10101 | C11: 10098 | D11: 93 | E11: 10970 | F11: 1.0860311 | G11: 0 | H11: 0 | I11: 1.0002971 | J11: 108.6129 | K11: 0.011364
A12: 45912 | B12: 10341 | C12: 10333 | D12: 111 | E12: 11235 | F12: 1.086452 | G12: 0 | H12: 0 | I12: 1.0007742 | J12: 93.162162 | K12: 0.0125
A13: 45912.042 | B13: 10201 | C13: 10198 | D13: 107 | E13: 10968 | F13: 1.0751887 | G13: 0 | H13: 0 | I13: 1.0002942 | J13: 95.336449 | K13: 0.004566
... A85: 45915.042 | B85: 11104 | C85: 11103 | D85: 147 | E85: 11605 | F85: 1.0451189 | G85: 0 | H85: 0 | I85: 1.0000901 | J85: 75.537415 | K85: 1

Sheet Summary
A1: App_name | B1: Type | C1: AVG_Request_per_IDFA | D1: AVG_IMPRESSIONS_per_IDFA | E1: AVG IDFA-IP RATIO | F1: AVG IDFA-UA RATIO
A2: Valid 1 | B2: NON-IVT | C2: =AVERAGE('Hourly data Valid 1'!F2:F85) -> 1.0314729 | D2: =AVERAGE('Hourly data Valid 1'!H2:H85) -> 0 | E2: =AVERAGE('Hourly data Valid 1'!I2:I85) -> 1.0000429 | F2: =AVERAGE('Hourly data Valid 1'!J2:J85) -> 1024.9447
A3: Valid 2 | B3: NON-IVT | C3: =AVERAGE('Hourly data Valid 2'!F2:F85) -> 1.043325 | D3: =AVERAGE('Hourly data Valid 2'!H3:H86) -> 0 | E3: =AVERAGE('Hourly data Valid 2'!I2:I85) -> 1.0002686 | F3: =AVERAGE('Hourly data Valid 2'!J2:J85) -> 82.403649
A4: Valid 3 | B4: NON-IVT | C4: =AVERAGE('Hourly data Valid 3'!F2:F85) -> 1.0617112 | D4: =AVERAGE('Hourly data Valid 3'!H4:H87) -> 0 | E4: =AVERAGE('Hourly data Valid 3'!I2:I85) -> 1.0011525 | F4: =AVERAGE('Hourly data Valid 3'!J2:J85) -> 655.23214
A5: Invalid 1 | B5: IVT | C5: =AVERAGE('Hourly data Invalid 1'!F2:F85) -> 1.0337143 | D5: =AVERAGE('Hourly data Invalid 1'!H5:H88) -> 0 | E5: =AVERAGE('Hourly data Invalid 1'!I2:I85) -> 1.0000466 | F5: =AVERAGE('Hourly data Invalid 1'!J2:J85) -> 76.242144
A6: Invalid 2 | B6: IVT | C6: =AVERAGE('Hourly data Invalid 2'!F2:F85) -> 1.0246897 | D6: =AVERAGE('Hourly data Invalid 2'!H6:H89) -> 0 | E6: =AVERAGE('Hourly data Invalid 2'!I2:I85) -> 1.0000424 | F6: =AVERAGE('Hourly data Invalid 2'!J2:J85) -> 11.570719
A7: Invalid 3 | B7: IVT | C7: =AVERAGE('Hourly data Invalid 3'!F2:F85) -> 1.0740012 | D7: =AVERAGE('Hourly data Invalid 3'!H7:H90) -> 0 | E7: =AVERAGE('Hourly data Invalid 3'!I2:I85) -> 1.00033 | F7: =AVERAGE('Hourly data Invalid 3'!J2:J85) -> 77.729143
